Query ID,Boolean Search Query
Search 1,"(""Vice President"" OR ""Senior Director"" OR ""Head of"" OR ""AVP"") AND (""AI"" OR ""artificial intelligence"" OR ""machine learning"" OR ""data science"" OR ""analytics"" OR ""AI transformation"") AND (""Abacus.AI"" OR ""Adobe"" OR ""ADP"" OR ""Affiniti"" OR ""AI21 Labs"" OR ""Amazon"" OR ""Amplitude"" OR ""Anyscale"" OR ""Apple"" OR ""Arize AI"" OR ""Autodesk"" OR ""Automation Anywhere"" OR ""AWS"" OR ""AT&T"" OR ""Bain & Company"" OR ""BCG"" OR ""Bloomberg"" OR ""ByteDance"" OR ""C3 AI"" OR ""Canonical"" OR ""Capgemini"" OR ""Cisco"" OR ""Citi"" OR ""Comcast"" OR ""Coursera"") site:linkedin.com/jobs"
Search 2,"(""Vice President"" OR ""Senior Director"" OR ""Head of"" OR ""AVP"") AND (""AI"" OR ""artificial intelligence"" OR ""machine learning"" OR ""data science"" OR ""analytics"" OR ""AI transformation"") AND (""Databricks"" OR ""Deloitte"" OR ""EY"" OR ""Facebook"" OR ""Gartner"" OR ""GitHub"" OR ""Google"" OR ""Hertz"" OR ""IBM"" OR ""Infosys"" OR ""Intel"" OR ""Intuit"" OR ""LinkedIn"" OR ""Lucid"" OR ""McKinsey & Company"" OR ""Meta"" OR ""Microsoft"" OR ""MongoDB"" OR ""Netflix"" OR ""NVIDIA"" OR ""OpenAI"" OR ""Oracle"" OR ""Palantir"" OR ""PwC"" OR ""Salesforce"") site:linkedin.com/jobs"
Search 3,"(""Vice President"" OR ""Senior Director"" OR ""Head of"" OR ""AVP"") AND (""AI"" OR ""artificial intelligence"" OR ""machine learning"" OR ""data science"" OR ""analytics"" OR ""AI transformation"") AND (""SAP"" OR ""ServiceNow"" OR ""Slalom"" OR ""Snowflake"" OR ""Stripe"" OR ""Tesla"" OR ""T-Mobile"" OR ""Twitter"" OR ""Uber"" OR ""Walmart"" OR ""Wayfair"" OR ""WeWork"" OR ""Zoom"" OR ""Abacus.AI"" OR ""Adobe"" OR ""ADP"" OR ""Affiniti"" OR ""AI21 Labs"" OR ""Amazon"" OR ""Amplitude"" OR ""Anyscale"" OR ""Apple"" OR ""Arize AI"" OR ""Autodesk"" OR ""Automation Anywhere"") site:linkedin.com/jobs"
Search 4,"(""Vice President"" OR ""Senior Director"" OR ""Head of"" OR ""AVP"") AND (""AI"" OR ""artificial intelligence"" OR ""machine learning"" OR ""data science"" OR ""analytics"" OR ""AI transformation"") AND (""AWS"" OR ""AT&T"" OR ""Bain & Company"" OR ""BCG"" OR ""Bloomberg"" OR ""ByteDance"" OR ""C3 AI"" OR ""Canonical"" OR ""Capgemini"" OR ""Cisco"" OR ""Citi"" OR ""Comcast"" OR ""Coursera"" OR ""Databricks"" OR ""Deloitte"" OR ""EY"" OR ""Facebook"" OR ""Gartner"" OR ""GitHub"" OR ""Google"" OR ""Hertz"" OR ""IBM"" OR ""Infosys"" OR ""Intel"" OR ""Intuit"") site:linkedin.com/jobs"
Search 5,"(""Vice President"" OR ""Senior Director"" OR ""Head of"" OR ""AVP"") AND (""AI"" OR ""artificial intelligence"" OR ""machine learning"" OR ""data science"" OR ""analytics"" OR ""AI transformation"") AND (""LinkedIn"" OR ""Lucid"" OR ""McKinsey & Company"" OR ""Meta"" OR ""Microsoft"" OR ""MongoDB"" OR ""Netflix"" OR ""NVIDIA"" OR ""OpenAI"" OR ""Oracle"" OR ""Palantir"" OR ""PwC"" OR ""Salesforce"" OR ""SAP"" OR ""ServiceNow"" OR ""Slalom"" OR ""Snowflake"" OR ""Stripe"" OR ""Tesla"" OR ""T-Mobile"" OR ""Twitter"" OR ""Uber"" OR ""Walmart"" OR ""Wayfair"" OR ""WeWork"") site:linkedin.com/jobs"
Search 6,"(""Vice President"" OR ""Senior Director"" OR ""Head of"" OR ""AVP"") AND (""AI"" OR ""artificial intelligence"" OR ""machine learning"" OR ""data science"" OR ""analytics"" OR ""AI transformation"") AND (""Zoom"" OR ""Abacus.AI"" OR ""Adobe"" OR ""ADP"" OR ""Affiniti"" OR ""AI21 Labs"" OR ""Amazon"" OR ""Amplitude"" OR ""Anyscale"" OR ""Apple"" OR ""Arize AI"" OR ""Autodesk"" OR ""Automation Anywhere"" OR ""AWS"" OR ""AT&T"" OR ""Bain & Company"" OR ""BCG"" OR ""Bloomberg"" OR ""ByteDance"" OR ""C3 AI"" OR ""Canonical"" OR ""Capgemini"" OR ""Cisco"" OR ""Citi"" OR ""Comcast"") site:linkedin.com/jobs"
Search 7,"(""Vice President"" OR ""Senior Director"" OR ""Head of"" OR ""AVP"") AND (""AI"" OR ""artificial intelligence"" OR ""machine learning"" OR ""data science"" OR ""analytics"" OR ""AI transformation"") AND (""Coursera"" OR ""Databricks"" OR ""Deloitte"" OR ""EY"" OR ""Facebook"" OR ""Gartner"" OR ""GitHub"" OR ""Google"" OR ""Hertz"" OR ""IBM"" OR ""Infosys"" OR ""Intel"" OR ""Intuit"" OR ""LinkedIn"" OR ""Lucid"" OR ""McKinsey & Company"" OR ""Meta"" OR ""Microsoft"" OR ""MongoDB"" OR ""Netflix"" OR ""NVIDIA"" OR ""OpenAI"" OR ""Oracle"" OR ""Palantir"" OR ""PwC"") site:linkedin.com/jobs"
Search 8,"(""Vice President"" OR ""Senior Director"" OR ""Head of"" OR ""AVP"") AND (""AI"" OR ""artificial intelligence"" OR ""machine learning"" OR ""data science"" OR ""analytics"" OR ""AI transformation"") AND (""Salesforce"" OR ""SAP"" OR ""ServiceNow"" OR ""Slalom"" OR ""Snowflake"" OR ""Stripe"" OR ""Tesla"" OR ""T-Mobile"" OR ""Twitter"" OR ""Uber"" OR ""Walmart"" OR ""Wayfair"" OR ""WeWork"" OR ""Zoom"" OR ""Abacus.AI"" OR ""Adobe"" OR ""ADP"" OR ""Affiniti"" OR ""AI21 Labs"" OR ""Amazon"" OR ""Amplitude"" OR ""Anyscale"" OR ""Apple"" OR ""Arize AI"" OR ""Autodesk"") site:linkedin.com/jobs"
Search 9,"(""Vice President"" OR ""Senior Director"" OR ""Head of"" OR ""AVP"") AND (""AI"" OR ""artificial intelligence"" OR ""machine learning"" OR ""data science"" OR ""analytics"" OR ""AI transformation"") AND (""Automation Anywhere"" OR ""AWS"" OR ""AT&T"" OR ""Bain & Company"" OR ""BCG"" OR ""Bloomberg"" OR ""ByteDance"" OR ""C3 AI"" OR ""Canonical"" OR ""Capgemini"" OR ""Cisco"" OR ""Citi"" OR ""Comcast"" OR ""Coursera"" OR ""Databricks"" OR ""Deloitte"" OR ""EY"" OR ""Facebook"" OR ""Gartner"" OR ""GitHub"" OR ""Google"" OR ""Hertz"" OR ""IBM"" OR ""Infosys"" OR ""Intel"") site:linkedin.com/jobs"
Search 10,"(""Vice President"" OR ""Senior Director"" OR ""Head of"" OR ""AVP"") AND (""AI"" OR ""artificial intelligence"" OR ""machine learning"" OR ""data science"" OR ""analytics"" OR ""AI transformation"") AND (""Intuit"" OR ""LinkedIn"" OR ""Lucid"" OR ""McKinsey & Company"" OR ""Meta"" OR ""Microsoft"" OR ""MongoDB"" OR ""Netflix"" OR ""NVIDIA"" OR ""OpenAI"" OR ""Oracle"" OR ""Palantir"" OR ""PwC"" OR ""Salesforce"" OR ""SAP"" OR ""ServiceNow"" OR ""Slalom"" OR ""Snowflake"" OR ""Stripe"" OR ""Tesla"" OR ""T-Mobile"" OR ""Twitter"" OR ""Uber"" OR ""Walmart"" OR ""Wayfair"") site:linkedin.com/jobs"
Search 11,"(""Vice President"" OR ""Senior Director"" OR ""Head of"" OR ""AVP"") AND (""AI"" OR ""artificial intelligence"" OR ""machine learning"" OR ""data science"" OR ""analytics"" OR ""AI transformation"") AND (""WeWork"" OR ""Zoom"" OR ""Abacus.AI"" OR ""Adobe"" OR ""ADP"" OR ""Affiniti"" OR ""AI21 Labs"" OR ""Amazon"" OR ""Amplitude"" OR ""Anyscale"" OR ""Apple"" OR ""Arize AI"" OR ""Autodesk"" OR ""Automation Anywhere"" OR ""AWS"" OR ""AT&T"" OR ""Bain & Company"" OR ""BCG"" OR ""Bloomberg"" OR ""ByteDance"" OR ""C3 AI"" OR ""Canonical"" OR ""Capgemini"" OR ""Cisco"" OR ""Citi"") site:linkedin.com/jobs"
Search 12,"(""Vice President"" OR ""Senior Director"" OR ""Head of"" OR ""AVP"") AND (""AI"" OR ""artificial intelligence"" OR ""machine learning"" OR ""data science"" OR ""analytics"" OR ""AI transformation"") AND (""Comcast"" OR ""Coursera"" OR ""Databricks"" OR ""Deloitte"" OR ""EY"" OR ""Facebook"" OR ""Gartner"" OR ""GitHub"" OR ""Google"" OR ""Hertz"" OR ""IBM"" OR ""Infosys"" OR ""Intel"" OR ""Intuit"" OR ""LinkedIn"" OR ""Lucid"" OR ""McKinsey & Company"" OR ""Meta"" OR ""Microsoft"" OR ""MongoDB"" OR ""Netflix"" OR ""NVIDIA"" OR ""OpenAI"" OR ""Oracle"" OR ""Palantir"") site:linkedin.com/jobs"
Search 13,"(""Vice President"" OR ""Senior Director"" OR ""Head of"" OR ""AVP"") AND (""AI"" OR ""artificial intelligence"" OR ""machine learning"" OR ""data science"" OR ""analytics"" OR ""AI transformation"") AND (""PwC"" OR ""Salesforce"" OR ""SAP"" OR ""ServiceNow"" OR ""Slalom"" OR ""Snowflake"" OR ""Stripe"" OR ""Tesla"" OR ""T-Mobile"" OR ""Twitter"" OR ""Uber"" OR ""Walmart"" OR ""Wayfair"" OR ""WeWork"" OR ""Zoom"" OR ""Abacus.AI"" OR ""Adobe"" OR ""ADP"" OR ""Affiniti"" OR ""AI21 Labs"" OR ""Amazon"" OR ""Amplitude"" OR ""Anyscale"" OR ""Apple"" OR ""Arize AI"") site:linkedin.com/jobs"
Search 14,"(""Vice President"" OR ""Senior Director"" OR ""Head of"" OR ""AVP"") AND (""AI"" OR ""artificial intelligence"" OR ""machine learning"" OR ""data science"" OR ""analytics"" OR ""AI transformation"") AND (""Autodesk"" OR ""Automation Anywhere"" OR ""AWS"" OR ""AT&T"" OR ""Bain & Company"" OR ""BCG"" OR ""Bloomberg"" OR ""ByteDance"" OR ""C3 AI"" OR ""Canonical"" OR ""Capgemini"" OR ""Cisco"" OR ""Citi"" OR ""Comcast"" OR ""Coursera"" OR ""Databricks"" OR ""Deloitte"" OR ""EY"" OR ""Facebook"" OR ""Gartner"" OR ""GitHub"" OR ""Google"" OR ""Hertz"" OR ""IBM"" OR ""Infosys"") site:linkedin.com/jobs"
Search 15,"(""Vice President"" OR ""Senior Director"" OR ""Head of"" OR ""AVP"") AND (""AI"" OR ""artificial intelligence"" OR ""machine learning"" OR ""data science"" OR ""analytics"" OR ""AI transformation"") AND (""Intel"" OR ""Intuit"" OR ""LinkedIn"" OR ""Lucid"" OR ""McKinsey & Company"" OR ""Meta"" OR ""Microsoft"" OR ""MongoDB"" OR ""Netflix"" OR ""NVIDIA"" OR ""OpenAI"" OR ""Oracle"" OR ""Palantir"" OR ""PwC"" OR ""Salesforce"" OR ""SAP"" OR ""ServiceNow"" OR ""Slalom"" OR ""Snowflake"" OR ""Stripe"" OR ""Tesla"" OR ""T-Mobile"" OR ""Twitter"" OR ""Uber"" OR ""Walmart"") site:linkedin.com/jobs"
Search 16,"(""Vice President"" OR ""Senior Director"" OR ""Head of"" OR ""AVP"") AND (""AI"" OR ""artificial intelligence"" OR ""machine learning"" OR ""data science"" OR ""analytics"" OR ""AI transformation"") AND (""Wayfair"" OR ""WeWork"" OR ""Zoom"" OR ""Abacus.AI"" OR ""Adobe"" OR ""ADP"" OR ""Affiniti"" OR ""AI21 Labs"" OR ""Amazon"" OR ""Amplitude"" OR ""Anyscale"" OR ""Apple"" OR ""Arize AI"" OR ""Autodesk"" OR ""Automation Anywhere"" OR ""AWS"" OR ""AT&T"" OR ""Bain & Company"" OR ""BCG"" OR ""Bloomberg"" OR ""ByteDance"" OR ""C3 AI"" OR ""Canonical"" OR ""Capgemini"" OR ""Cisco"") site:linkedin.com/jobs"
Search 17,"(""Vice President"" OR ""Senior Director"" OR ""Head of"" OR ""AVP"") AND (""AI"" OR ""artificial intelligence"" OR ""machine learning"" OR ""data science"" OR ""analytics"" OR ""AI transformation"") AND (""Citi"" OR ""Comcast"" OR ""Coursera"" OR ""Databricks"" OR ""Deloitte"" OR ""EY"" OR ""Facebook"" OR ""Gartner"" OR ""GitHub"" OR ""Google"" OR ""Hertz"" OR ""IBM"" OR ""Infosys"" OR ""Intel"" OR ""Intuit"" OR ""LinkedIn"" OR ""Lucid"" OR ""McKinsey & Company"" OR ""Meta"" OR ""Microsoft"" OR ""MongoDB"" OR ""Netflix"" OR ""NVIDIA"" OR ""OpenAI"" OR ""Oracle"") site:linkedin.com/jobs"
Search 18,"(""Vice President"" OR ""Senior Director"" OR ""Head of"" OR ""AVP"") AND (""AI"" OR ""artificial intelligence"" OR ""machine learning"" OR ""data science"" OR ""analytics"" OR ""AI transformation"") AND (""Palantir"" OR ""PwC"" OR ""Salesforce"" OR ""SAP"" OR ""ServiceNow"" OR ""Slalom"" OR ""Snowflake"" OR ""Stripe"" OR ""Tesla"" OR ""T-Mobile"" OR ""Twitter"" OR ""Uber"" OR ""Walmart"" OR ""Wayfair"" OR ""WeWork"" OR ""Zoom"" OR ""Abacus.AI"" OR ""Adobe"" OR ""ADP"" OR ""Affiniti"" OR ""AI21 Labs"" OR ""Amazon"" OR ""Amplitude"" OR ""Anyscale"" OR ""Apple"") site:linkedin.com/jobs"
Search 19,"(""Vice President"" OR ""Senior Director"" OR ""Head of"" OR ""AVP"") AND (""AI"" OR ""artificial intelligence"" OR ""machine learning"" OR ""data science"" OR ""analytics"" OR ""AI transformation"") AND (""Arize AI"" OR ""Autodesk"" OR ""Automation Anywhere"" OR ""AWS"" OR ""AT&T"" OR ""Bain & Company"" OR ""BCG"" OR ""Bloomberg"" OR ""ByteDance"" OR ""C3 AI"" OR ""Canonical"" OR ""Capgemini"" OR ""Cisco"" OR ""Citi"" OR ""Comcast"" OR ""Coursera"" OR ""Databricks"" OR ""Deloitte"" OR ""EY"" OR ""Facebook"" OR ""Gartner"" OR ""GitHub"" OR ""Google"" OR ""Hertz"" OR ""IBM"") site:linkedin.com/jobs"
Search 20,"(""Vice President"" OR ""Senior Director"" OR ""Head of"" OR ""AVP"") AND (""AI"" OR ""artificial intelligence"" OR ""machine learning"" OR ""data science"" OR ""analytics"" OR ""AI transformation"") AND (""Infosys"" OR ""Intel"" OR ""Intuit"" OR ""LinkedIn"" OR ""Lucid"" OR ""McKinsey & Company"" OR ""Meta"" OR ""Microsoft"" OR ""MongoDB"" OR ""Netflix"" OR ""NVIDIA"" OR ""OpenAI"" OR ""Oracle"" OR ""Palantir"" OR ""PwC"" OR ""Salesforce"" OR ""SAP"" OR ""ServiceNow"" OR ""Slalom"" OR ""Snowflake"" OR ""Stripe"" OR ""Tesla"" OR ""T-Mobile"" OR ""Twitter"" OR ""Uber"") site:linkedin.com/jobs"
Search 21,"(""Vice President"" OR ""Senior Director"" OR ""Head of"" OR ""AVP"") AND (""AI"" OR ""artificial intelligence"" OR ""machine learning"" OR ""data science"" OR ""analytics"" OR ""AI transformation"") AND (""Walmart"" OR ""Wayfair"" OR ""WeWork"" OR ""Zoom"" OR ""Abacus.AI"" OR ""Adobe"" OR ""ADP"" OR ""Affiniti"" OR ""AI21 Labs"" OR ""Amazon"" OR ""Amplitude"" OR ""Anyscale"" OR ""Apple"" OR ""Arize AI"" OR ""Autodesk"" OR ""Automation Anywhere"" OR ""AWS"" OR ""AT&T"" OR ""Bain & Company"" OR ""BCG"" OR ""Bloomberg"" OR ""ByteDance"" OR ""C3 AI"" OR ""Canonical"" OR ""Capgemini"") site:linkedin.com/jobs"
Search 22,"(""Vice President"" OR ""Senior Director"" OR ""Head of"" OR ""AVP"") AND (""AI"" OR ""artificial intelligence"" OR ""machine learning"" OR ""data science"" OR ""analytics"" OR ""AI transformation"") AND (""Cisco"" OR ""Citi"" OR ""Comcast"" OR ""Coursera"" OR ""Databricks"" OR ""Deloitte"" OR ""EY"" OR ""Facebook"" OR ""Gartner"" OR ""GitHub"" OR ""Google"" OR ""Hertz"" OR ""IBM"" OR ""Infosys"" OR ""Intel"" OR ""Intuit"" OR ""LinkedIn"" OR ""Lucid"" OR ""McKinsey & Company"" OR ""Meta"" OR ""Microsoft"" OR ""MongoDB"" OR ""Netflix"" OR ""NVIDIA"" OR ""OpenAI"") site:linkedin.com/jobs"
Search 23,"(""Vice President"" OR ""Senior Director"" OR ""Head of"" OR ""AVP"") AND (""AI"" OR ""artificial intelligence"" OR ""machine learning"" OR ""data science"" OR ""analytics"" OR ""AI transformation"") AND (""Oracle"" OR ""Palantir"" OR ""PwC"" OR ""Salesforce"" OR ""SAP"" OR ""ServiceNow"" OR ""Slalom"" OR ""Snowflake"" OR ""Stripe"" OR ""Tesla"" OR ""T-Mobile"" OR ""Twitter"" OR ""Uber"" OR ""Walmart"" OR ""Wayfair"" OR ""WeWork"" OR ""Zoom"" OR ""Abacus.AI"" OR ""Adobe"" OR ""ADP"" OR ""Affiniti"" OR ""AI21 Labs"" OR ""Amazon"" OR ""Amplitude"" OR ""Anyscale"") site:linkedin.com/jobs"
Search 24,"(""Vice President"" OR ""Senior Director"" OR ""Head of"" OR ""AVP"") AND (""AI"" OR ""artificial intelligence"" OR ""machine learning"" OR ""data science"" OR ""analytics"" OR ""AI transformation"") AND (""Apple"" OR ""Arize AI"" OR ""Autodesk"" OR ""Automation Anywhere"" OR ""AWS"" OR ""AT&T"" OR ""Bain & Company"" OR ""BCG"" OR ""Bloomberg"" OR ""ByteDance"" OR ""C3 AI"" OR ""Canonical"" OR ""Capgemini"" OR ""Cisco"" OR ""Citi"" OR ""Comcast"" OR ""Coursera"" OR ""Databricks"" OR ""Deloitte"" OR ""EY"" OR ""Facebook"" OR ""Gartner"" OR ""GitHub"" OR ""Google"" OR ""Hertz"") site:linkedin.com/jobs"
Search 25,"(""Vice President"" OR ""Senior Director"" OR ""Head of"" OR ""AVP"") AND (""AI"" OR ""artificial intelligence"" OR ""machine learning"" OR ""data science"" OR ""analytics"" OR ""AI transformation"") AND (""IBM"" OR ""Infosys"" OR ""Intel"" OR ""Intuit"" OR ""LinkedIn"" OR ""Lucid"" OR ""McKinsey & Company"" OR ""Meta"" OR ""Microsoft"" OR ""MongoDB"" OR ""Netflix"" OR ""NVIDIA"" OR ""OpenAI"" OR ""Oracle"" OR ""Palantir"" OR ""PwC"" OR ""Salesforce"" OR ""SAP"" OR ""ServiceNow"" OR ""Slalom"" OR ""Snowflake"" OR ""Stripe"" OR ""Tesla"" OR ""T-Mobile"" OR ""Twitter"") site:linkedin.com/jobs"
Search 26,"(""Vice President"" OR ""Senior Director"" OR ""Head of"" OR ""AVP"") AND (""AI"" OR ""artificial intelligence"" OR ""machine learning"" OR ""data science"" OR ""analytics"" OR ""AI transformation"") AND (""Uber"" OR ""Walmart"" OR ""Wayfair"" OR ""WeWork"" OR ""Zoom"" OR ""Abacus.AI"" OR ""Adobe"" OR ""ADP"" OR ""Affiniti"" OR ""AI21 Labs"" OR ""Amazon"" OR ""Amplitude"" OR ""Anyscale"" OR ""Apple"" OR ""Arize AI"" OR ""Autodesk"" OR ""Automation Anywhere"" OR ""AWS"" OR ""AT&T"" OR ""Bain & Company"" OR ""BCG"" OR ""Bloomberg"" OR ""ByteDance"" OR ""C3 AI"" OR ""Canonical"") site:linkedin.com/jobs"
Search 27,"(""Vice President"" OR ""Senior Director"" OR ""Head of"" OR ""AVP"") AND (""AI"" OR ""artificial intelligence"" OR ""machine learning"" OR ""data science"" OR ""analytics"" OR ""AI transformation"") AND (""Capgemini"" OR ""Cisco"" OR ""Citi"" OR ""Comcast"" OR ""Coursera"" OR ""Databricks"" OR ""Deloitte"" OR ""EY"" OR ""Facebook"" OR ""Gartner"" OR ""GitHub"" OR ""Google"" OR ""Hertz"" OR ""IBM"" OR ""Infosys"" OR ""Intel"" OR ""Intuit"" OR ""LinkedIn"" OR ""Lucid"" OR ""McKinsey & Company"" OR ""Meta"" OR ""Microsoft"" OR ""MongoDB"" OR ""Netflix"" OR ""NVIDIA"") site:linkedin.com/jobs"
Search 28,"(""Vice President"" OR ""Senior Director"" OR ""Head of"" OR ""AVP"") AND (""AI"" OR ""artificial intelligence"" OR ""machine learning"" OR ""data science"" OR ""analytics"" OR ""AI transformation"") AND (""OpenAI"" OR ""Oracle"" OR ""Palantir"" OR ""PwC"" OR ""Salesforce"" OR ""SAP"" OR ""ServiceNow"" OR ""Slalom"" OR ""Snowflake"" OR ""Stripe"" OR ""Tesla"" OR ""T-Mobile"" OR ""Twitter"" OR ""Uber"" OR ""Walmart"" OR ""Wayfair"" OR ""WeWork"" OR ""Zoom"" OR ""Abacus.AI"" OR ""Adobe"" OR ""ADP"" OR ""Affiniti"" OR ""AI21 Labs"" OR ""Amazon"" OR ""Amplitude"") site:linkedin.com/jobs"
Search 29,"(""Vice President"" OR ""Senior Director"" OR ""Head of"" OR ""AVP"") AND (""AI"" OR ""artificial intelligence"" OR ""machine learning"" OR ""data science"" OR ""analytics"" OR ""AI transformation"") AND (""Anyscale"" OR ""Apple"" OR ""Arize AI"" OR ""Autodesk"" OR ""Automation Anywhere"" OR ""AWS"" OR ""AT&T"" OR ""Bain & Company"" OR ""BCG"" OR ""Bloomberg"" OR ""ByteDance"" OR ""C3 AI"" OR ""Canonical"" OR ""Capgemini"" OR ""Cisco"" OR ""Citi"" OR ""Comcast"" OR ""Coursera"" OR ""Databricks"" OR ""Deloitte"" OR ""EY"" OR ""Facebook"" OR ""Gartner"" OR ""GitHub"" OR ""Google"") site:linkedin.com/jobs"
Search 30,"(""Vice President"" OR ""Senior Director"" OR ""Head of"" OR ""AVP"") AND (""AI"" OR ""artificial intelligence"" OR ""machine learning"" OR ""data science"" OR ""analytics"" OR ""AI transformation"") AND (""Hertz"" OR ""IBM"" OR ""Infosys"" OR ""Intel"" OR ""Intuit"" OR ""LinkedIn"" OR ""Lucid"" OR ""McKinsey & Company"" OR ""Meta"" OR ""Microsoft"" OR ""MongoDB"" OR ""Netflix"" OR ""NVIDIA"" OR ""OpenAI"" OR ""Oracle"" OR ""Palantir"" OR ""PwC"" OR ""Salesforce"" OR ""SAP"" OR ""ServiceNow"" OR ""Slalom"" OR ""Snowflake"" OR ""Stripe"" OR ""Tesla"" OR ""T-Mobile"") site:linkedin.com/jobs"
Search 31,"(""Vice President"" OR ""Senior Director"" OR ""Head of"" OR ""AVP"") AND (""AI"" OR ""artificial intelligence"" OR ""machine learning"" OR ""data science"" OR ""analytics"" OR ""AI transformation"") AND (""Twitter"" OR ""Uber"" OR ""Walmart"" OR ""Wayfair"" OR ""WeWork"" OR ""Zoom"" OR ""Abacus.AI"" OR ""Adobe"" OR ""ADP"" OR ""Affiniti"" OR ""AI21 Labs"" OR ""Amazon"" OR ""Amplitude"" OR ""Anyscale"" OR ""Apple"" OR ""Arize AI"" OR ""Autodesk"" OR ""Automation Anywhere"" OR ""AWS"" OR ""AT&T"" OR ""Bain & Company"" OR ""BCG"" OR ""Bloomberg"" OR ""ByteDance"" OR ""C3 AI"") site:linkedin.com/jobs"
Search 32,"(""Vice President"" OR ""Senior Director"" OR ""Head of"" OR ""AVP"") AND (""AI"" OR ""artificial intelligence"" OR ""machine learning"" OR ""data science"" OR ""analytics"" OR ""AI transformation"") AND (""Canonical"" OR ""Capgemini"" OR ""Cisco"" OR ""Citi"" OR ""Comcast"" OR ""Coursera"" OR ""Databricks"" OR ""Deloitte"" OR ""EY"" OR ""Facebook"" OR ""Gartner"" OR ""GitHub"" OR ""Google"" OR ""Hertz"" OR ""IBM"" OR ""Infosys"" OR ""Intel"" OR ""Intuit"" OR ""LinkedIn"" OR ""Lucid"" OR ""McKinsey & Company"" OR ""Meta"" OR ""Microsoft"" OR ""MongoDB"" OR ""Netflix"") site:linkedin.com/jobs"
Search 33,"(""Vice President"" OR ""Senior Director"" OR ""Head of"" OR ""AVP"") AND (""AI"" OR ""artificial intelligence"" OR ""machine learning"" OR ""data science"" OR ""analytics"" OR ""AI transformation"") AND (""NVIDIA"" OR ""OpenAI"" OR ""Oracle"" OR ""Palantir"" OR ""PwC"" OR ""Salesforce"" OR ""SAP"" OR ""ServiceNow"" OR ""Slalom"" OR ""Snowflake"" OR ""Stripe"" OR ""Tesla"" OR ""T-Mobile"" OR ""Twitter"" OR ""Uber"" OR ""Walmart"" OR ""Wayfair"" OR ""WeWork"" OR ""Zoom"" OR ""Abacus.AI"" OR ""Adobe"" OR ""ADP"" OR ""Affiniti"" OR ""AI21 Labs"" OR ""Amazon"") site:linkedin.com/jobs"
Search 34,"(""Vice President"" OR ""Senior Director"" OR ""Head of"" OR ""AVP"") AND (""AI"" OR ""artificial intelligence"" OR ""machine learning"" OR ""data science"" OR ""analytics"" OR ""AI transformation"") AND (""Amplitude"" OR ""Anyscale"" OR ""Apple"" OR ""Arize AI"" OR ""Autodesk"" OR ""Automation Anywhere"" OR ""AWS"" OR ""AT&T"" OR ""Bain & Company"" OR ""BCG"" OR ""Bloomberg"" OR ""ByteDance"" OR ""C3 AI"" OR ""Canonical"" OR ""Capgemini"" OR ""Cisco"" OR ""Citi"" OR ""Comcast"" OR ""Coursera"" OR ""Databricks"" OR ""Deloitte"" OR ""EY"" OR ""Facebook"" OR ""Gartner"" OR ""GitHub"") site:linkedin.com/jobs"
Search 35,"(""Vice President"" OR ""Senior Director"" OR ""Head of"" OR ""AVP"") AND (""AI"" OR ""artificial intelligence"" OR ""machine learning"" OR ""data science"" OR ""analytics"" OR ""AI transformation"") AND (""Google"" OR ""Hertz"" OR ""IBM"" OR ""Infosys"" OR ""Intel"" OR ""Intuit"" OR ""LinkedIn"" OR ""Lucid"" OR ""McKinsey & Company"" OR ""Meta"" OR ""Microsoft"" OR ""MongoDB"" OR ""Netflix"" OR ""NVIDIA"" OR ""OpenAI"" OR ""Oracle"" OR ""Palantir"" OR ""PwC"" OR ""Salesforce"" OR ""SAP"" OR ""ServiceNow"" OR ""Slalom"" OR ""Snowflake"" OR ""Stripe"" OR ""Tesla"") site:linkedin.com/jobs"
Search 36,"(""Vice President"" OR ""Senior Director"" OR ""Head of"" OR ""AVP"") AND (""AI"" OR ""artificial intelligence"" OR ""machine learning"" OR ""data science"" OR ""analytics"" OR ""AI transformation"") AND (""T-Mobile"" OR ""Twitter"" OR ""Uber"" OR ""Walmart"" OR ""Wayfair"" OR ""WeWork"" OR ""Zoom"" OR ""Abacus.AI"" OR ""Adobe"" OR ""ADP"" OR ""Affiniti"" OR ""AI21 Labs"" OR ""Amazon"" OR ""Amplitude"" OR ""Anyscale"" OR ""Apple"" OR ""Arize AI"" OR ""Autodesk"" OR ""Automation Anywhere"" OR ""AWS"" OR ""AT&T"" OR ""Bain & Company"" OR ""BCG"" OR ""Bloomberg"" OR ""ByteDance"") site:linkedin.com/jobs"
Search 37,"(""Vice President"" OR ""Senior Director"" OR ""Head of"" OR ""AVP"") AND (""AI"" OR ""artificial intelligence"" OR ""machine learning"" OR ""data science"" OR ""analytics"" OR ""AI transformation"") AND (""C3 AI"" OR ""Canonical"" OR ""Capgemini"" OR ""Cisco"" OR ""Citi"" OR ""Comcast"" OR ""Coursera"" OR ""Databricks"" OR ""Deloitte"" OR ""EY"" OR ""Facebook"" OR ""Gartner"" OR ""GitHub"" OR ""Google"" OR ""Hertz"" OR ""IBM"" OR ""Infosys"" OR ""Intel"" OR ""Intuit"" OR ""LinkedIn"" OR ""Lucid"" OR ""McKinsey & Company"" OR ""Meta"" OR ""Microsoft"" OR ""MongoDB"") site:linkedin.com/jobs"
Search 38,"(""Vice President"" OR ""Senior Director"" OR ""Head of"" OR ""AVP"") AND (""AI"" OR ""artificial intelligence"" OR ""machine learning"" OR ""data science"" OR ""analytics"" OR ""AI transformation"") AND (""Netflix"" OR ""NVIDIA"" OR ""OpenAI"" OR ""Oracle"" OR ""Palantir"" OR ""PwC"" OR ""Salesforce"" OR ""SAP"" OR ""ServiceNow"" OR ""Slalom"" OR ""Snowflake"" OR ""Stripe"" OR ""Tesla"" OR ""T-Mobile"" OR ""Twitter"" OR ""Uber"" OR ""Walmart"" OR ""Wayfair"" OR ""WeWork"" OR ""Zoom"" OR ""Abacus.AI"" OR ""Adobe"" OR ""ADP"" OR ""Affiniti"" OR ""AI21 Labs"") site:linkedin.com/jobs"
Search 39,"(""Vice President"" OR ""Senior Director"" OR ""Head of"" OR ""AVP"") AND (""AI"" OR ""artificial intelligence"" OR ""machine learning"" OR ""data science"" OR ""analytics"" OR ""AI transformation"") AND (""Amazon"" OR ""Amplitude"" OR ""Anyscale"" OR ""Apple"" OR ""Arize AI"" OR ""Autodesk"" OR ""Automation Anywhere"" OR ""AWS"" OR ""AT&T"" OR ""Bain & Company"" OR ""BCG"" OR ""Bloomberg"" OR ""ByteDance"" OR ""C3 AI"" OR ""Canonical"" OR ""Capgemini"" OR ""Cisco"" OR ""Citi"" OR ""Comcast"" OR ""Coursera"" OR ""Databricks"" OR ""Deloitte"" OR ""EY"" OR ""Facebook"" OR ""Gartner"") site:linkedin.com/jobs"
Search 40,"(""Vice President"" OR ""Senior Director"" OR ""Head of"" OR ""AVP"") AND (""AI"" OR ""artificial intelligence"" OR ""machine learning"" OR ""data science"" OR ""analytics"" OR ""AI transformation"") AND (""GitHub"" OR ""Google"" OR ""Hertz"" OR ""IBM"" OR ""Infosys"" OR ""Intel"" OR ""Intuit"" OR ""LinkedIn"" OR ""Lucid"" OR ""McKinsey & Company"" OR ""Meta"" OR ""Microsoft"" OR ""MongoDB"" OR ""Netflix"" OR ""NVIDIA"" OR ""OpenAI"" OR ""Oracle"" OR ""Palantir"" OR ""PwC"" OR ""Salesforce"" OR ""SAP"" OR ""ServiceNow"" OR ""Slalom"" OR ""Snowflake"" OR ""Stripe"") site:linkedin.com/jobs"
Search 41,"(""Vice President"" OR ""Senior Director"" OR ""Head of"" OR ""AVP"") AND (""AI"" OR ""artificial intelligence"" OR ""machine learning"" OR ""data science"" OR ""analytics"" OR ""AI transformation"") AND (""Tesla"" OR ""T-Mobile"" OR ""Twitter"" OR ""Uber"" OR ""Walmart"" OR ""Wayfair"" OR ""WeWork"" OR ""Zoom"" OR ""Abacus.AI"" OR ""Adobe"" OR ""ADP"" OR ""Affiniti"" OR ""AI21 Labs"" OR ""Amazon"" OR ""Amplitude"" OR ""Anyscale"" OR ""Apple"" OR ""Arize AI"" OR ""Autodesk"" OR ""Automation Anywhere"" OR ""AWS"" OR ""AT&T"" OR ""Bain & Company"" OR ""BCG"" OR ""Bloomberg"") site:linkedin.com/jobs"
Search 42,"(""Vice President"" OR ""Senior Director"" OR ""Head of"" OR ""AVP"") AND (""AI"" OR ""artificial intelligence"" OR ""machine learning"" OR ""data science"" OR ""analytics"" OR ""AI transformation"") AND (""ByteDance"" OR ""C3 AI"" OR ""Canonical"" OR ""Capgemini"" OR ""Cisco"" OR ""Citi"" OR ""Comcast"" OR ""Coursera"" OR ""Databricks"" OR ""Deloitte"" OR ""EY"" OR ""Facebook"" OR ""Gartner"" OR ""GitHub"" OR ""Google"" OR ""Hertz"" OR ""IBM"" OR ""Infosys"" OR ""Intel"" OR ""Intuit"" OR ""LinkedIn"" OR ""Lucid"" OR ""McKinsey & Company"" OR ""Meta"" OR ""Microsoft"") site:linkedin.com/jobs"
Search 43,"(""Vice President"" OR ""Senior Director"" OR ""Head of"" OR ""AVP"") AND (""AI"" OR ""artificial intelligence"" OR ""machine learning"" OR ""data science"" OR ""analytics"" OR ""AI transformation"") AND (""MongoDB"" OR ""Netflix"" OR ""NVIDIA"" OR ""OpenAI"" OR ""Oracle"" OR ""Palantir"" OR ""PwC"" OR ""Salesforce"" OR ""SAP"" OR ""ServiceNow"" OR ""Slalom"" OR ""Snowflake"" OR ""Stripe"" OR ""Tesla"" OR ""T-Mobile"" OR ""Twitter"" OR ""Uber"" OR ""Walmart"" OR ""Wayfair"" OR ""WeWork"" OR ""Zoom"" OR ""Abacus.AI"" OR ""Adobe"" OR ""ADP"" OR ""Affiniti"") site:linkedin.com/jobs"
Search 44,"(""Vice President"" OR ""Senior Director"" OR ""Head of"" OR ""AVP"") AND (""AI"" OR ""artificial intelligence"" OR ""machine learning"" OR ""data science"" OR ""analytics"" OR ""AI transformation"") AND (""AI21 Labs"" OR ""Amazon"" OR ""Amplitude"" OR ""Anyscale"" OR ""Apple"" OR ""Arize AI"" OR ""Autodesk"" OR ""Automation Anywhere"" OR ""AWS"" OR ""AT&T"" OR ""Bain & Company"" OR ""BCG"" OR ""Bloomberg"" OR ""ByteDance"" OR ""C3 AI"" OR ""Canonical"" OR ""Capgemini"" OR ""Cisco"" OR ""Citi"" OR ""Comcast"" OR ""Coursera"" OR ""Databricks"" OR ""Deloitte"" OR ""EY"" OR ""Facebook"") site:linkedin.com/jobs"
Search 45,"(""Vice President"" OR ""Senior Director"" OR ""Head of"" OR ""AVP"") AND (""AI"" OR ""artificial intelligence"" OR ""machine learning"" OR ""data science"" OR ""analytics"" OR ""AI transformation"") AND (""Gartner"" OR ""GitHub"" OR ""Google"" OR ""Hertz"" OR ""IBM"" OR ""Infosys"" OR ""Intel"" OR ""Intuit"" OR ""LinkedIn"" OR ""Lucid"" OR ""McKinsey & Company"" OR ""Meta"" OR ""Microsoft"" OR ""MongoDB"" OR ""Netflix"" OR ""NVIDIA"" OR ""OpenAI"" OR ""Oracle"" OR ""Palantir"" OR ""PwC"" OR ""Salesforce"" OR ""SAP"" OR ""ServiceNow"" OR ""Slalom"" OR ""Snowflake"") site:linkedin.com/jobs"
Search 46,"(""Vice President"" OR ""Senior Director"" OR ""Head of"" OR ""AVP"") AND (""AI"" OR ""artificial intelligence"" OR ""machine learning"" OR ""data science"" OR ""analytics"" OR ""AI transformation"") AND (""Stripe"" OR ""Tesla"" OR ""T-Mobile"" OR ""Twitter"" OR ""Uber"" OR ""Walmart"" OR ""Wayfair"" OR ""WeWork"" OR ""Zoom"" OR ""Abacus.AI"" OR ""Adobe"" OR ""ADP"" OR ""Affiniti"" OR ""AI21 Labs"" OR ""Amazon"" OR ""Amplitude"" OR ""Anyscale"" OR ""Apple"" OR ""Arize AI"" OR ""Autodesk"" OR ""Automation Anywhere"" OR ""AWS"" OR ""AT&T"" OR ""Bain & Company"" OR ""BCG"") site:linkedin.com/jobs"
Search 47,"(""Vice President"" OR ""Senior Director"" OR ""Head of"" OR ""AVP"") AND (""AI"" OR ""artificial intelligence"" OR ""machine learning"" OR ""data science"" OR ""analytics"" OR ""AI transformation"") AND (""Bloomberg"" OR ""ByteDance"" OR ""C3 AI"" OR ""Canonical"" OR ""Capgemini"" OR ""Cisco"" OR ""Citi"" OR ""Comcast"" OR ""Coursera"" OR ""Databricks"" OR ""Deloitte"" OR ""EY"" OR ""Facebook"" OR ""Gartner"" OR ""GitHub"" OR ""Google"" OR ""Hertz"" OR ""IBM"" OR ""Infosys"" OR ""Intel"" OR ""Intuit"" OR ""LinkedIn"" OR ""Lucid"" OR ""McKinsey & Company"" OR ""Meta"") site:linkedin.com/jobs"
Search 48,"(""Vice President"" OR ""Senior Director"" OR ""Head of"" OR ""AVP"") AND (""AI"" OR ""artificial intelligence"" OR ""machine learning"" OR ""data science"" OR ""analytics"" OR ""AI transformation"") AND (""Microsoft"" OR ""MongoDB"" OR ""Netflix"" OR ""NVIDIA"" OR ""OpenAI"" OR ""Oracle"" OR ""Palantir"" OR ""PwC"" OR ""Salesforce"" OR ""SAP"" OR ""ServiceNow"" OR ""Slalom"" OR ""Snowflake"" OR ""Stripe"" OR ""Tesla"" OR ""T-Mobile"" OR ""Twitter"" OR ""Uber"" OR ""Walmart"" OR ""Wayfair"" OR ""WeWork"" OR ""Zoom"" OR ""Abacus.AI"" OR ""Adobe"" OR ""ADP"") site:linkedin.com/jobs"
Search 49,"(""Vice President"" OR ""Senior Director"" OR ""Head of"" OR ""AVP"") AND (""AI"" OR ""artificial intelligence"" OR ""machine learning"" OR ""data science"" OR ""analytics"" OR ""AI transformation"") AND (""Affiniti"" OR ""AI21 Labs"" OR ""Amazon"" OR ""Amplitude"" OR ""Anyscale"" OR ""Apple"" OR ""Arize AI"" OR ""Autodesk"" OR ""Automation Anywhere"" OR ""AWS"" OR ""AT&T"" OR ""Bain & Company"" OR ""BCG"" OR ""Bloomberg"" OR ""ByteDance"" OR ""C3 AI"" OR ""Canonical"" OR ""Capgemini"" OR ""Cisco"" OR ""Citi"" OR ""Comcast"" OR ""Coursera"" OR ""Databricks"" OR ""Deloitte"" OR ""EY"") site:linkedin.com/jobs"
Search 50,"(""Vice President"" OR ""Senior Director"" OR ""Head of"" OR ""AVP"") AND (""AI"" OR ""artificial intelligence"" OR ""machine learning"" OR ""data science"" OR ""analytics"" OR ""AI transformation"") AND (""Facebook"" OR ""Gartner"" OR ""GitHub"" OR ""Google"" OR ""Hertz"" OR ""IBM"" OR ""Infosys"" OR ""Intel"" OR ""Intuit"" OR ""LinkedIn"" OR ""Lucid"" OR ""McKinsey & Company"" OR ""Meta"" OR ""Microsoft"" OR ""MongoDB"" OR ""Netflix"" OR ""NVIDIA"" OR ""OpenAI"" OR ""Oracle"" OR ""Palantir"" OR ""PwC"" OR ""Salesforce"" OR ""SAP"" OR ""ServiceNow"" OR ""Slalom"") site:linkedin.com/jobs"
Search 51,"(""Vice President"" OR ""Senior Director"" OR ""Head of"" OR ""AVP"") AND (""AI"" OR ""artificial intelligence"" OR ""machine learning"" OR ""data science"" OR ""analytics"" OR ""AI transformation"") AND (""Snowflake"" OR ""Stripe"" OR ""Tesla"" OR ""T-Mobile"" OR ""Twitter"" OR ""Uber"" OR ""Walmart"" OR ""Wayfair"" OR ""WeWork"" OR ""Zoom"" OR ""Abacus.AI"" OR ""Adobe"" OR ""ADP"" OR ""Affiniti"" OR ""AI21 Labs"" OR ""Amazon"" OR ""Amplitude"" OR ""Anyscale"" OR ""Apple"" OR ""Arize AI"" OR ""Autodesk"" OR ""Automation Anywhere"" OR ""AWS"" OR ""AT&T"" OR ""Bain & Company"") site:linkedin.com/jobs"
Search 52,"(""Vice President"" OR ""Senior Director"" OR ""Head of"" OR ""AVP"") AND (""AI"" OR ""artificial intelligence"" OR ""machine learning"" OR ""data science"" OR ""analytics"" OR ""AI transformation"") AND (""BCG"" OR ""Bloomberg"" OR ""ByteDance"" OR ""C3 AI"" OR ""Canonical"" OR ""Capgemini"" OR ""Cisco"" OR ""Citi"" OR ""Comcast"" OR ""Coursera"" OR ""Databricks"" OR ""Deloitte"" OR ""EY"" OR ""Facebook"" OR ""Gartner"" OR ""GitHub"" OR ""Google"" OR ""Hertz"" OR ""IBM"" OR ""Infosys"" OR ""Intel"" OR ""Intuit"" OR ""LinkedIn"" OR ""Lucid"" OR ""McKinsey & Company"") site:linkedin.com/jobs"
Search 53,"(""Vice President"" OR ""Senior Director"" OR ""Head of"" OR ""AVP"") AND (""AI"" OR ""artificial intelligence"" OR ""machine learning"" OR ""data science"" OR ""analytics"" OR ""AI transformation"") AND (""Meta"" OR ""Microsoft"" OR ""MongoDB"" OR ""Netflix"" OR ""NVIDIA"" OR ""OpenAI"" OR ""Oracle"" OR ""Palantir"" OR ""PwC"" OR ""Salesforce"" OR ""SAP"" OR ""ServiceNow"" OR ""Slalom"" OR ""Snowflake"" OR ""Stripe"" OR ""Tesla"" OR ""T-Mobile"" OR ""Twitter"" OR ""Uber"" OR ""Walmart"" OR ""Wayfair"" OR ""WeWork"" OR ""Zoom"" OR ""Abacus.AI"" OR ""Adobe"") site:linkedin.com/jobs"
Search 54,"(""Vice President"" OR ""Senior Director"" OR ""Head of"" OR ""AVP"") AND (""AI"" OR ""artificial intelligence"" OR ""machine learning"" OR ""data science"" OR ""analytics"" OR ""AI transformation"") AND (""ADP"" OR ""Affiniti"" OR ""AI21 Labs"" OR ""Amazon"" OR ""Amplitude"" OR ""Anyscale"" OR ""Apple"" OR ""Arize AI"" OR ""Autodesk"" OR ""Automation Anywhere"" OR ""AWS"" OR ""AT&T"" OR ""Bain & Company"" OR ""BCG"" OR ""Bloomberg"" OR ""ByteDance"" OR ""C3 AI"" OR ""Canonical"" OR ""Capgemini"" OR ""Cisco"" OR ""Citi"" OR ""Comcast"" OR ""Coursera"" OR ""Databricks"" OR ""Deloitte"") site:linkedin.com/jobs"
Search 55,"(""Vice President"" OR ""Senior Director"" OR ""Head of"" OR ""AVP"") AND (""AI"" OR ""artificial intelligence"" OR ""machine learning"" OR ""data science"" OR ""analytics"" OR ""AI transformation"") AND (""EY"" OR ""Facebook"" OR ""Gartner"" OR ""GitHub"" OR ""Google"" OR ""Hertz"" OR ""IBM"" OR ""Infosys"" OR ""Intel"" OR ""Intuit"" OR ""LinkedIn"" OR ""Lucid"" OR ""McKinsey & Company"" OR ""Meta"" OR ""Microsoft"" OR ""MongoDB"" OR ""Netflix"" OR ""NVIDIA"" OR ""OpenAI"" OR ""Oracle"" OR ""Palantir"" OR ""PwC"" OR ""Salesforce"" OR ""SAP"" OR ""ServiceNow"") site:linkedin.com/jobs"
Search 56,"(""Vice President"" OR ""Senior Director"" OR ""Head of"" OR ""AVP"") AND (""AI"" OR ""artificial intelligence"" OR ""machine learning"" OR ""data science"" OR ""analytics"" OR ""AI transformation"") AND (""Slalom"" OR ""Snowflake"" OR ""Stripe"" OR ""Tesla"" OR ""T-Mobile"" OR ""Twitter"" OR ""Uber"" OR ""Walmart"" OR ""Wayfair"" OR ""WeWork"" OR ""Zoom"" OR ""Abacus.AI"" OR ""Adobe"" OR ""ADP"" OR ""Affiniti"" OR ""AI21 Labs"" OR ""Amazon"" OR ""Amplitude"" OR ""Anyscale"" OR ""Apple"" OR ""Arize AI"" OR ""Autodesk"" OR ""Automation Anywhere"" OR ""AWS"" OR ""AT&T"") site:linkedin.com/jobs"
Search 57,"(""Vice President"" OR ""Senior Director"" OR ""Head of"" OR ""AVP"") AND (""AI"" OR ""artificial intelligence"" OR ""machine learning"" OR ""data science"" OR ""analytics"" OR ""AI transformation"") AND (""Bain & Company"" OR ""BCG"" OR ""Bloomberg"" OR ""ByteDance"" OR ""C3 AI"" OR ""Canonical"" OR ""Capgemini"" OR ""Cisco"" OR ""Citi"" OR ""Comcast"" OR ""Coursera"" OR ""Databricks"" OR ""Deloitte"" OR ""EY"" OR ""Facebook"" OR ""Gartner"" OR ""GitHub"" OR ""Google"" OR ""Hertz"" OR ""IBM"" OR ""Infosys"" OR ""Intel"" OR ""Intuit"" OR ""LinkedIn"" OR ""Lucid"") site:linkedin.com/jobs"
Search 58,"(""Vice President"" OR ""Senior Director"" OR ""Head of"" OR ""AVP"") AND (""AI"" OR ""artificial intelligence"" OR ""machine learning"" OR ""data science"" OR ""analytics"" OR ""AI transformation"") AND (""McKinsey & Company"" OR ""Meta"" OR ""Microsoft"" OR ""MongoDB"" OR ""Netflix"" OR ""NVIDIA"" OR ""OpenAI"" OR ""Oracle"" OR ""Palantir"" OR ""PwC"" OR ""Salesforce"" OR ""SAP"" OR ""ServiceNow"" OR ""Slalom"" OR ""Snowflake"" OR ""Stripe"" OR ""Tesla"" OR ""T-Mobile"" OR ""Twitter"" OR ""Uber"" OR ""Walmart"" OR ""Wayfair"" OR ""WeWork"" OR ""Zoom"" OR ""Abacus.AI"") site:linkedin.com/jobs"
Search 59,"(""Vice President"" OR ""Senior Director"" OR ""Head of"" OR ""AVP"") AND (""AI"" OR ""artificial intelligence"" OR ""machine learning"" OR ""data science"" OR ""analytics"" OR ""AI transformation"") AND (""Adobe"" OR ""ADP"" OR ""Affiniti"" OR ""AI21 Labs"" OR ""Amazon"" OR ""Amplitude"" OR ""Anyscale"" OR ""Apple"" OR ""Arize AI"" OR ""Autodesk"" OR ""Automation Anywhere"" OR ""AWS"" OR ""AT&T"" OR ""Bain & Company"" OR ""BCG"" OR ""Bloomberg"" OR ""ByteDance"" OR ""C3 AI"" OR ""Canonical"" OR ""Capgemini"" OR ""Cisco"" OR ""Citi"" OR ""Comcast"" OR ""Coursera"" OR ""Databricks"") site:linkedin.com/jobs"
Search 60,"(""Vice President"" OR ""Senior Director"" OR ""Head of"" OR ""AVP"") AND (""AI"" OR ""artificial intelligence"" OR ""machine learning"" OR ""data science"" OR ""analytics"" OR ""AI transformation"") AND (""Deloitte"" OR ""EY"" OR ""Facebook"" OR ""Gartner"" OR ""GitHub"" OR ""Google"" OR ""Hertz"" OR ""IBM"" OR ""Infosys"" OR ""Intel"" OR ""Intuit"" OR ""LinkedIn"" OR ""Lucid"" OR ""McKinsey & Company"" OR ""Meta"" OR ""Microsoft"" OR ""MongoDB"" OR ""Netflix"" OR ""NVIDIA"" OR ""OpenAI"" OR ""Oracle"" OR ""Palantir"" OR ""PwC"" OR ""Salesforce"" OR ""SAP"") site:linkedin.com/jobs"
Search 61,"(""Vice President"" OR ""Senior Director"" OR ""Head of"" OR ""AVP"") AND (""AI"" OR ""artificial intelligence"" OR ""machine learning"" OR ""data science"" OR ""analytics"" OR ""AI transformation"") AND (""ServiceNow"" OR ""Slalom"" OR ""Snowflake"" OR ""Stripe"" OR ""Tesla"" OR ""T-Mobile"" OR ""Twitter"" OR ""Uber"" OR ""Walmart"" OR ""Wayfair"" OR ""WeWork"" OR ""Zoom"" OR ""Abacus.AI"" OR ""Adobe"" OR ""ADP"" OR ""Affiniti"" OR ""AI21 Labs"" OR ""Amazon"" OR ""Amplitude"" OR ""Anyscale"" OR ""Apple"" OR ""Arize AI"" OR ""Autodesk"" OR ""Automation Anywhere"" OR ""AWS"") site:linkedin.com/jobs"
Search 62,"(""Vice President"" OR ""Senior Director"" OR ""Head of"" OR ""AVP"") AND (""AI"" OR ""artificial intelligence"" OR ""machine learning"" OR ""data science"" OR ""analytics"" OR ""AI transformation"") AND (""AT&T"" OR ""Bain & Company"" OR ""BCG"" OR ""Bloomberg"" OR ""ByteDance"" OR ""C3 AI"" OR ""Canonical"" OR ""Capgemini"" OR ""Cisco"" OR ""Citi"" OR ""Comcast"" OR ""Coursera"" OR ""Databricks"" OR ""Deloitte"" OR ""EY"" OR ""Facebook"" OR ""Gartner"" OR ""GitHub"" OR ""Google"" OR ""Hertz"" OR ""IBM"" OR ""Infosys"" OR ""Intel"" OR ""Intuit"" OR ""LinkedIn"") site:linkedin.com/jobs"
Search 63,"(""Vice President"" OR ""Senior Director"" OR ""Head of"" OR ""AVP"") AND (""AI"" OR ""artificial intelligence"" OR ""machine learning"" OR ""data science"" OR ""analytics"" OR ""AI transformation"") AND (""Lucid"" OR ""McKinsey & Company"" OR ""Meta"" OR ""Microsoft"" OR ""MongoDB"" OR ""Netflix"" OR ""NVIDIA"" OR ""OpenAI"" OR ""Oracle"" OR ""Palantir"" OR ""PwC"" OR ""Salesforce"" OR ""SAP"" OR ""ServiceNow"" OR ""Slalom"" OR ""Snowflake"" OR ""Stripe"" OR ""Tesla"" OR ""T-Mobile"" OR ""Twitter"" OR ""Uber"" OR ""Walmart"" OR ""Wayfair"" OR ""WeWork"" OR ""Zoom"") site:linkedin.com/jobs"
